data,categoria,quantidade,valor_venda,pedido_id
2024-01-01,Eletronicos,6,1782.99,1001
2024-01-02,Automotivo,1,2202.81,1002
2024-01-02,Livros,3,1798.57,1003
2024-01-05,Casa,9,1729.44,1004
2024-01-05,Casa,8,1143.97,1005
2024-01-05,Roupas,4,749.8,1006
2024-01-05,Casa,5,210.84,1007
2024-01-05,Roupas,9,2625.91,1008
2024-01-06,Automotivo,2,931.54,1009
2024-01-06,Livros,1,561.55,1010
2024-01-06,Automotivo,8,404.0,1011
2024-01-07,Roupas,4,1734.93,1012
2024-01-07,Roupas,6,2924.65,1013
2024-01-08,Roupas,9,1453.6,1014
2024-01-09,Roupas,7,63.42,1015
2024-01-09,Livros,8,1558.21,1016
2024-01-10,Automotivo,3,978.67,1017
2024-01-10,Casa,2,2477.17,1018
2024-01-10,Automotivo,4,646.57,1019
2024-01-11,Roupas,3,1887.2,1020
2024-01-11,Casa,6,2814.43,1021
2024-01-12,Livros,5,799.25,1022
2024-01-13,Livros,7,201.89,1023
2024-01-13,Livros,3,427.24,1024
2024-01-13,Livros,7,2240.9,1025
2024-01-14,Eletronicos,5,1663.88,1026
2024-01-17,Automotivo,7,791.6,1027
2024-01-17,Casa,4,2088.4,1028
2024-01-18,Livros,1,973.65,1029
2024-01-19,Eletronicos,6,887.72,1030
2024-01-19,Eletronicos,1,98.52,1031
2024-01-20,Casa,5,184.81,1032
2024-01-20,Automotivo,1,1968.07,1033
2024-01-20,Automotivo,6,295.05,1034
2024-01-21,Livros,6,2664.27,1035
2024-01-21,Roupas,9,2923.86,1036
2024-01-22,Roupas,1,2737.13,1037
2024-01-24,Livros,1,2397.94,1038
2024-01-24,Casa,2,604.73,1039
2024-01-25,Eletronicos,2,321.63,1040
2024-01-26,Casa,6,2366.8,1041
2024-01-27,Casa,2,2291.8,1042
2024-01-28,Casa,2,1374.77,1043
2024-01-30,Livros,8,2523.78,1044
2024-01-30,Roupas,8,1573.48,1045
2024-01-31,Livros,5,2318.58,1046
2024-02-01,Roupas,4,1679.8,1047
2024-02-02,Casa,8,1381.36,1048
2024-02-03,Casa,7,686.6,1049
2024-02-03,Livros,3,1874.44,1050
2024-02-04,Automotivo,1,2040.6,1051
2024-02-04,Eletronicos,4,1111.0,1052
2024-02-04,Livros,9,2909.37,1053
2024-02-05,Casa,6,635.15,1054
2024-02-05,Livros,5,2033.97,1055
2024-02-05,Eletronicos,2,2032.61,1056
2024-02-06,Eletronicos,4,1427.93,1057
2024-02-07,Eletronicos,3,1830.5,1058
2024-02-08,Livros,5,2170.16,1059
2024-02-09,Casa,5,1745.55,1060
2024-02-09,Roupas,2,1818.7,1061
2024-02-10,Automotivo,6,2237.86,1062
2024-02-11,Eletronicos,9,2437.6,1063
2024-02-12,Roupas,6,1256.05,1064
2024-02-12,Casa,8,1012.05,1065
2024-02-12,Roupas,4,2229.51,1066
2024-02-13,Roupas,3,2856.17,1067
2024-02-13,Roupas,3,1303.61,1068
2024-02-13,Livros,8,1810.21,1069
2024-02-13,Roupas,2,1207.81,1070
2024-02-14,Livros,7,2058.88,1071
2024-02-14,Eletronicos,9,2320.31,1072
2024-02-14,Eletronicos,5,2488.44,1073
2024-02-14,Automotivo,3,515.67,1074
2024-02-15,Casa,8,1095.71,1075
2024-02-15,Roupas,8,457.93,1076
2024-02-16,Automotivo,9,475.94,1077
2024-02-16,Automotivo,2,164.01,1078
2024-02-17,Eletronicos,9,2946.67,1079
2024-02-17,Roupas,4,2305.17,1080
2024-02-18,Eletronicos,3,2158.94,1081
2024-02-18,Eletronicos,8,2033.8,1082
2024-02-19,Automotivo,6,1277.83,1083
2024-02-19,Casa,9,2250.08,1084
2024-02-19,Casa,2,1293.78,1085
2024-02-21,Eletronicos,1,1650.01,1086
2024-02-23,Roupas,1,2463.21,1087
2024-02-24,Casa,5,1463.77,1088
2024-02-24,Eletronicos,1,2668.38,1089
2024-02-24,Eletronicos,1,2621.46,1090
2024-02-24,Eletronicos,7,2395.94,1091
2024-02-25,Roupas,5,88.34,1092
2024-02-25,Roupas,3,1204.21,1093
2024-02-26,Eletronicos,8,2916.15,1094
2024-02-26,Casa,9,1752.01,1095
2024-02-26,Roupas,4,1749.27,1096
2024-02-28,Livros,4,470.0,1097
2024-02-28,Casa,1,713.84,1098
2024-02-29,Automotivo,1,2543.24,1099
2024-02-29,Automotivo,7,1421.06,1100
2024-03-02,Livros,3,2871.66,1101
2024-03-02,Eletronicos,4,239.67,1102
2024-03-02,Roupas,6,1927.16,1103
2024-03-04,Casa,1,2346.71,1104
2024-03-05,Roupas,7,1401.45,1105
2024-03-05,Casa,6,729.58,1106
2024-03-08,Eletronicos,9,644.76,1107
2024-03-08,Eletronicos,3,1069.25,1108
2024-03-08,Automotivo,8,2461.58,1109
2024-03-08,Casa,4,919.32,1110
2024-03-08,Roupas,1,2115.41,1111
2024-03-09,Automotivo,8,2180.48,1112
2024-03-09,Automotivo,7,815.31,1113
2024-03-09,Automotivo,7,1562.27,1114
2024-03-10,Livros,5,182.27,1115
2024-03-10,Automotivo,4,1167.92,1116
2024-03-11,Casa,5,2867.31,1117
2024-03-12,Roupas,7,1323.23,1118
2024-03-13,Eletronicos,3,987.3,1119
2024-03-13,Roupas,2,2115.49,1120
2024-03-14,Casa,2,2962.38,1121
2024-03-14,Casa,4,159.92,1122
2024-03-16,Livros,8,1854.17,1123
2024-03-16,Casa,8,181.41,1124
2024-03-16,Roupas,8,2480.05,1125
2024-03-17,Eletronicos,4,884.1,1126
2024-03-17,Casa,3,583.04,1127
2024-03-17,Roupas,1,1141.2,1128
2024-03-17,Eletronicos,4,1897.9,1129
2024-03-17,Roupas,2,468.6,1130
2024-03-18,Livros,2,346.97,1131
2024-03-18,Casa,3,1152.19,1132
2024-03-19,Automotivo,4,604.96,1133
2024-03-19,Automotivo,5,2230.26,1134
2024-03-20,Casa,3,1737.69,1135
2024-03-20,Eletronicos,1,1682.78,1136
2024-03-23,Eletronicos,3,1028.37,1137
2024-03-23,Roupas,7,2345.32,1138
2024-03-24,Casa,9,242.45,1139
2024-03-24,Roupas,9,696.79,1140
2024-03-26,Roupas,1,600.84,1141
2024-03-26,Casa,1,1495.85,1142
2024-03-26,Eletronicos,7,1467.72,1143
2024-03-27,Eletronicos,9,2945.7,1144
2024-03-28,Automotivo,5,844.74,1145
2024-03-28,Casa,5,2632.73,1146
2024-03-29,Automotivo,7,477.93,1147
2024-03-30,Automotivo,8,2431.24,1148
2024-04-01,Eletronicos,3,396.38,1149
2024-04-01,Eletronicos,7,2587.33,1150
2024-04-02,Eletronicos,7,2565.17,1151
2024-04-02,Automotivo,3,1332.78,1152
2024-04-02,Eletronicos,4,1808.25,1153
2024-04-02,Casa,1,1998.37,1154
2024-04-02,Casa,8,524.77,1155
2024-04-03,Roupas,2,643.39,1156
2024-04-03,Eletronicos,9,1007.65,1157
2024-04-03,Eletronicos,3,207.1,1158
2024-04-03,Automotivo,5,459.5,1159
2024-04-03,Casa,3,1629.9,1160
2024-04-04,Casa,5,1868.82,1161
2024-04-04,Eletronicos,7,201.34,1162
2024-04-05,Livros,6,2452.03,1163
2024-04-05,Automotivo,2,651.84,1164
2024-04-06,Roupas,1,221.91,1165
2024-04-07,Livros,2,1690.64,1166
2024-04-07,Casa,7,875.79,1167
2024-04-10,Roupas,2,1924.32,1168
2024-04-10,Eletronicos,2,2651.34,1169
2024-04-10,Livros,4,937.71,1170
2024-04-12,Casa,7,421.13,1171
2024-04-13,Casa,2,1229.01,1172
2024-04-13,Casa,6,1578.6,1173
2024-04-14,Eletronicos,8,2588.77,1174
2024-04-15,Automotivo,8,1332.22,1175
2024-04-15,Eletronicos,3,1814.35,1176
2024-04-15,Roupas,5,2074.08,1177
2024-04-16,Eletronicos,1,751.41,1178
2024-04-16,Livros,5,1643.01,1179
2024-04-17,Livros,1,1578.28,1180
2024-04-17,Roupas,2,1617.69,1181
2024-04-17,Automotivo,1,2223.42,1182
2024-04-18,Casa,1,1499.97,1183
2024-04-19,Casa,1,2578.22,1184
2024-04-20,Casa,1,2413.35,1185
2024-04-20,Automotivo,8,2663.59,1186
2024-04-20,Livros,4,146.3,1187
2024-04-20,Roupas,7,2425.93,1188
2024-04-22,Eletronicos,9,2387.94,1189
2024-04-22,Eletronicos,7,2400.0,1190
2024-04-23,Livros,3,2689.38,1191
2024-04-26,Automotivo,4,1404.39,1192
2024-04-26,Eletronicos,2,2775.54,1193
2024-04-27,Eletronicos,1,1210.49,1194
2024-04-27,Livros,7,744.9,1195
2024-04-28,Eletronicos,2,1439.99,1196
2024-04-29,Casa,1,55.04,1197
2024-04-30,Roupas,9,856.59,1198
2024-05-01,Casa,8,679.83,1199
2024-05-01,Roupas,6,1176.12,1200
2024-05-02,Automotivo,9,2992.28,1201
2024-05-03,Casa,1,630.57,1202
2024-05-03,Livros,7,2803.12,1203
2024-05-04,Automotivo,9,1569.1,1204
2024-05-04,Roupas,1,2518.09,1205
2024-05-04,Automotivo,3,2348.79,1206
2024-05-05,Livros,6,707.53,1207
2024-05-06,Eletronicos,6,2551.93,1208
2024-05-07,Automotivo,9,2305.12,1209
2024-05-07,Casa,2,2240.38,1210
2024-05-07,Eletronicos,8,2808.59,1211
2024-05-08,Livros,9,1335.35,1212
2024-05-10,Roupas,1,762.54,1213
2024-05-10,Roupas,1,740.03,1214
2024-05-11,Eletronicos,9,916.55,1215
2024-05-13,Casa,5,1533.47,1216
2024-05-13,Eletronicos,5,2852.83,1217
2024-05-13,Casa,5,811.46,1218
2024-05-14,Roupas,9,136.73,1219
2024-05-15,Livros,3,1928.07,1220
2024-05-15,Roupas,8,1509.11,1221
2024-05-15,Livros,6,1560.72,1222
2024-05-15,Casa,4,2235.94,1223
2024-05-15,Casa,7,2241.13,1224
2024-05-16,Casa,1,712.92,1225
2024-05-16,Eletronicos,3,2490.56,1226
2024-05-17,Roupas,6,1942.16,1227
2024-05-17,Automotivo,2,1500.3,1228
2024-05-20,Eletronicos,3,59.95,1229
2024-05-20,Automotivo,1,966.73,1230
2024-05-20,Roupas,9,2358.96,1231
2024-05-22,Automotivo,6,2980.63,1232
2024-05-22,Livros,8,992.11,1233
2024-05-22,Roupas,6,2416.4,1234
2024-05-22,Casa,6,2167.08,1235
2024-05-23,Eletronicos,7,360.62,1236
2024-05-23,Automotivo,9,1234.72,1237
2024-05-23,Casa,8,1403.62,1238
2024-05-24,Roupas,7,481.99,1239
2024-05-24,Roupas,9,1068.54,1240
2024-05-24,Casa,8,2762.91,1241
2024-05-24,Eletronicos,3,2382.95,1242
2024-05-24,Livros,9,2661.16,1243
2024-05-26,Automotivo,7,1914.85,1244
2024-05-26,Eletronicos,1,1343.87,1245
2024-05-29,Roupas,9,1735.08,1246
2024-05-29,Roupas,9,1762.57,1247
2024-05-29,Livros,6,2818.42,1248
2024-05-29,Eletronicos,6,297.17,1249
2024-05-29,Casa,7,1208.95,1250
2024-05-30,Roupas,8,1084.16,1251
2024-05-30,Livros,5,2463.97,1252
2024-05-31,Livros,3,1401.76,1253
2024-05-31,Automotivo,1,1410.52,1254
2024-06-01,Eletronicos,6,2465.41,1255
2024-06-02,Casa,1,678.53,1256
2024-06-03,Roupas,4,350.18,1257
2024-06-04,Livros,2,2797.93,1258
2024-06-05,Automotivo,3,960.74,1259
2024-06-05,Automotivo,2,806.59,1260
2024-06-05,Roupas,7,1985.61,1261
2024-06-06,Casa,5,834.4,1262
2024-06-06,Casa,2,818.05,1263
2024-06-07,Roupas,2,397.03,1264
2024-06-08,Livros,2,2102.96,1265
2024-06-08,Casa,4,1393.82,1266
2024-06-09,Eletronicos,1,829.92,1267
2024-06-09,Eletronicos,7,2418.51,1268
2024-06-10,Livros,3,1659.75,1269
2024-06-10,Livros,9,1222.29,1270
2024-06-11,Eletronicos,5,522.93,1271
2024-06-12,Roupas,7,1259.96,1272
2024-06-13,Casa,5,1387.64,1273
2024-06-14,Eletronicos,7,2882.28,1274
2024-06-15,Livros,5,2952.49,1275
2024-06-16,Automotivo,4,1583.94,1276
2024-06-17,Automotivo,1,2333.2,1277
2024-06-18,Eletronicos,1,243.47,1278
2024-06-19,Roupas,9,533.67,1279
2024-06-20,Livros,9,754.34,1280
2024-06-20,Livros,4,892.92,1281
2024-06-20,Automotivo,5,2296.46,1282
2024-06-21,Livros,8,258.66,1283
2024-06-21,Roupas,4,1807.34,1284
2024-06-21,Automotivo,2,1546.92,1285
2024-06-21,Eletronicos,3,847.63,1286
2024-06-23,Livros,8,2663.41,1287
2024-06-24,Automotivo,5,1001.18,1288
2024-06-24,Automotivo,2,1950.06,1289
2024-06-25,Casa,9,757.63,1290
2024-06-25,Automotivo,1,2115.34,1291
2024-06-25,Livros,6,917.66,1292
2024-06-25,Roupas,5,560.57,1293
2024-06-25,Roupas,2,2689.71,1294
2024-06-26,Roupas,5,1910.92,1295
2024-06-27,Automotivo,2,852.76,1296
2024-06-27,Eletronicos,7,2686.46,1297
2024-06-27,Automotivo,5,1268.92,1298
2024-06-27,Automotivo,3,1602.15,1299
2024-06-28,Livros,2,2001.52,1300
